Name,Nickname,Born Year,Age,From,Height (m),Weight (kg),Weight Class,Style,Stance,Tradition (Kun Krou),Gym,Trainer(s),Wins (Career),Losses (Career),Draws (Career),TKOs (Career),+W (Log),+L (Log),+D (Log),+TKO (Log),Total Wins,Total Losses,Total Draws,Total TKOs,Total Fights,Win %,TKO Win %,Last Updated,Profile,Helper · Win % (filtered),Helper · TKO % (filtered),Helper · Fights,Helper · Wins,Helper · TKOs,Helper · Losses
Soth Sokhim,,2004,22,Phnom Penh,1.69,60.0,Lightweight (≤60kg),Kun Khmer,Orthodox,Rumleuk Kun Krou (Honoring the Master),Baksey Slab Daek,Mrs. Chun Neang,71,13,6,20,-,-,-,-,71,13,6,20,90,78.9%,28.2%,2026-03-28,Profile,78.9%,28.2%,90,71,20,13
Soth Bunthy,Lok Metoip Thom (the Grand Knight),1999,27,Phnom Penh,1.70,63.5,Light Welter (≤63.5kg),Kun Khmer,Orthodox,Rumleuk Kun Krou (Honoring the Master),Baksey Slab Daek,Soth Chandara,151,55,4,62,-,-,-,-,151,55,4,62,210,71.9%,41.1%,2026-03-22,Profile,71.9%,41.1%,210,151,62,55
Sorn Rakim,Reahu Prak (the Silver Rahu),2002,24,Battambang,1.67,60.0,Lightweight (≤60kg),Kun Khmer,Orthodox,Rumleuk Kun Krou (Honoring the Master),Reahu Keila Battambang,Chhut Serey,78,14,2,23,-,-,-,-,78,14,2,23,94,83.0%,29.5%,2026-03-28,Profile,83.0%,29.5%,94,78,23,14
Sophat Mesa,Kon Damrei Sor Chum Tung (the teenage white elephant),2005,21,Phnom Penh,1.70,57.0,Featherweight (≤57kg),Kun Khmer,Orthodox,Rumleuk Kun Krou (Honoring the Master),Taley Domrei Mean Rithi,"Mak Sokhorn, Mak Samoeun",56,7,2,42,-,-,-,-,56,7,2,42,65,86.2%,75.0%,2026-03-15,Profile,86.2%,75.0%,65,56,42,7
Som Vichhay,Khla Sor Khet Svay Rieng (the White Tiger of Svay Rieng),2001,25,Svay Rieng,1.67,63.5,Light Welter (≤63.5kg),Kun Khmer,Orthodox,Preah Ream Thlaeng Sor (Lord Rama releasing arrows),Vibol Darith Kun Khmer,Long Vibol,76,28,13,19,-,-,-,-,76,28,13,19,117,65.0%,25.0%,2026-04-16,Profile,65.0%,25.0%,117,76,19,28
Som Piseth,,2002,24,Svay Rieng,1.72,67.0,Welterweight (≤67kg),Kun Khmer,Orthodox,Rumleuk Kun Krou (Honoring the Master),Vibol Darith Kun Khmer,Long Vibol,76,18,9,27,-,-,-,-,76,18,9,27,103,73.8%,35.5%,2026-03-15,Profile,73.8%,35.5%,103,76,27,18
Sok Thy,Manus Chheu (The Wooden Man),1997,29,Banteay Mean Chey,1.65,60.0,Lightweight (≤60kg),"Kun Khmer, Pradal Serey",Orthodox,,KKIF,"Svay Sokhonn, Srey Reachboth",78,12,7,36,-,-,-,-,78,12,7,36,97,80.4%,46.2%,2026-03-15,Profile,80.4%,46.2%,97,78,36,12
Sok Rith,Kandab Dai Ploeung (the Fury Fist),1999,27,Banteay Mean Chey,1.65,54.0,Bantamweight (≤54kg),"Kun Khmer, Kick Boxing, Lethwei, Muay Thai",Orthodox,,Mesor Thngok Svay Rieng,Vong Khmer,74,15,5,35,-,-,-,-,74,15,5,35,94,78.7%,47.3%,2026-03-14,Profile,78.7%,47.3%,94,74,35,15
Seng Try,Kaeng Pikheat (the Killer Elbow),2007,19,Prey Veng,1.68,57.0,Featherweight (≤57kg),Kun Khmer,Southpaw,,Kun Khmer Daun Ta,"Bird Samkhann, Ly Phea",46,8,2,22,-,-,-,-,46,8,2,22,56,82.1%,47.8%,2026-03-21,Profile,82.1%,47.8%,56,46,22,8
Sen Rady,,1990,36,Koh Kong,1.65,57.0,Featherweight (≤57kg),"Kun Khmer, Vovinam",Orthodox,Rumleuk Kun Krou (Honoring the Master),Eh Phouthong Kun Khmer,Eh Phouthong,66,12,6,30,-,-,-,-,66,12,6,30,84,78.6%,45.5%,2025-04-26,Profile,78.6%,45.5%,84,66,30,12
Sen Radeth,,1994,32,Koh Kong,1.65,54.0,Bantamweight (≤54kg),"Kun Khmer, Vovinam, Kick Boxing",Orthodox,,Kun Khmer Den Samot,"Chhlam Sor, Sen Rady",67,14,1,27,-,-,-,-,67,14,1,27,82,81.7%,40.3%,2026-03-15,Profile,81.7%,40.3%,82,67,27,14
Sann Kun Khmer,The King Kong,1999,27,Banteay Mean Chey,1.60,60.0,Lightweight (≤60kg),Kun Khmer,Orthodox,Entri Samdaeng Rithi (Eagle showing off its Might),Kun Khmer Daun Ta,Khim Socheat,105,18,6,52,-,-,-,-,105,18,6,52,129,81.4%,49.5%,2026-03-15,Profile,81.4%,49.5%,129,105,52,18
Sam Oeun Sopha,Neakareach Tbaung Khmum (The Naga of Tbaung Khmum),2000,26,Tbaung Khmum,1.78,72.0,Middleweight (≤75kg),Kun Khmer,Orthodox,,KKIF,Svay Sokhon,55,6,2,22,-,-,-,-,55,6,2,22,63,87.3%,40.0%,2026-03-15,Profile,87.3%,40.0%,63,55,22,6
Roeung Sophorn,Dai Plaoeng Chaoeung Runtah,1991,35,Kandal,1.65,72.0,Middleweight (≤75kg),"Kun Khmer, Kick Boxing",Southpaw,Entri Samdaeng Rithi (Eagle showing off its Might),Sen Bunthen Penkak Kun Khmer,Sen Bunthen,269,15,5,114,-,-,-,-,269,15,5,114,289,93.1%,42.4%,2026-03-30,Profile,93.1%,42.4%,289,269,114,15
Roeugn Chetra,,2004,22,Kampong Speu,1.63,57.0,Featherweight (≤57kg),Kun Khmer,Orthodox,Entri Samdaeng Rithi (Eagle showing off its Might),Roeung Sophorn Kun Khmer,Roeung Sophorn,43,8,3,31,-,-,-,-,43,8,3,31,54,79.6%,72.1%,2026-03-30,Profile,79.6%,72.1%,54,43,31,8
Rithy Sosen,,2005,21,Prey Veng,1.73,58.0,Lightweight (≤60kg),Kun Khmer,Orthodox,Krong Reap Samdaeng Rithi (Ravana Showing Off his Might),Kun Khmer Super Fight,Phat Soda,64,14,1,26,-,-,-,-,64,14,1,26,79,81.0%,40.6%,2025-05-24,Profile,81.0%,40.6%,79,64,26,14
Rithy Kingkong,Kon Kingkong Pikheat (The Young Killer Kingkong),2016,10,Phnom Penh,1.27,26.0,Mini-Flyweight (≤48kg),Kun Khmer,Southpaw,Entri Samdaeng Rithi (Eagle showing off its Might),Kun Khmer Super Fight and Gym,Phat Soda,25,2,-,14,-,-,-,-,25,2,-,14,27,92.6%,56.0%,2026-04-17,Profile,92.6%,56.0%,27,25,14,2
Rith Vibol,,2003,23,Phnom Penh,1.70,54.0,Bantamweight (≤54kg),Kun Khmer,Orthodox,Neak Leng Teuk (Naga Dancing in Water),Kuchsa Sar Mean Rithi (MoI),Thy Narith,61,25,2,30,-,-,-,-,61,25,2,30,88,69.3%,49.2%,2026-01-18,Profile,69.3%,49.2%,88,61,30,25
Rith Phulu,Tor Khmao Kamnach (The Fierce Black Lion),2000,26,Battambang,1.68,63.5,Light Welter (≤63.5kg),Kun Khmer,Southpaw,Entri Samdaeng Rithi (Eagle showing off its Might),Kuchsa Sar Mean Rithi (MoI),Thy Narith,75,16,4,22,-,-,-,-,75,16,4,22,95,78.9%,29.3%,2026-03-29,Profile,78.9%,29.3%,95,75,22,16
Rith Arun,,1991,35,Siem Reap,1.70,60.0,Lightweight (≤60kg),Kun Khmer,Southpaw,,RCAF Boxing Gym,Thun Sophea,69,7,4,26,-,-,-,-,69,7,4,26,80,86.3%,37.7%,2025-05-16,Profile,86.2%,37.7%,80,69,26,7
Rin Saroth,Sdach Entri (the Eagle King),1995,31,Prey Veng,1.75,63.5,Light Welter (≤63.5kg),"Kun Khmer, MMA",Orthodox,,Indri Kun Khmer,Long Sovandoeun,66,24,3,17,-,-,-,-,66,24,3,17,93,71.0%,25.8%,2026-03-15,Profile,71.0%,25.8%,93,66,17,24
Rin Devit,Kaun Neak Laor Kbach (The Young Dragon),2003,23,Kandal,1.74,60.0,Lightweight (≤60kg),"Kun Khmer, Kick Boxing",Orthodox,,KKIF,Svay Sokhonn,118,18,4,43,-,-,-,-,118,18,4,43,140,84.3%,36.4%,2026-03-15,Profile,84.3%,36.4%,140,118,43,18
Ricky Sengthorng,,2011,15,Prey Veng,1.70,63.5,Light Welter (≤63.5kg),Kun Khmer,Southpaw,Entri Samdaeng Rithi (Eagle showing off its Might),Klarokhen Mean Rithi,Mr. Ricky,36,2,1,26,-,-,-,-,36,2,1,26,39,92.3%,72.2%,2026-04-16,Profile,92.3%,72.2%,39,36,26,2
Reaksmey Kun Khmer,Kranham Entri (the Eagle Claw),2008,18,Battambang,1.63,51.0,Flyweight (≤51kg),Kun Khmer,Orthodox,Rumleuk Kun Krou (Honoring the Master),Kun Khmer Daun Ta,"Bird Samkhann, Ly Phea",80,18,1,25,-,-,-,-,80,18,1,25,99,80.8%,31.3%,2026-03-14,Profile,80.8%,31.2%,99,80,25,18
Ratanak Sothy,Manus Yun (The Robot),1998,28,Kampong Cham,1.70,60.0,Lightweight (≤60kg),Kun Khmer,Orthodox,,Klarokhen Mean Rithi,Mr. Ricky,128,31,6,43,-,-,-,-,128,31,6,43,165,77.6%,33.6%,2026-03-30,Profile,77.6%,33.6%,165,128,43,31
Puth Sambo,,1999,27,Tbaung Khmum,1.72,63.5,Light Welter (≤63.5kg),Kun Khmer,Southpaw,,Taley Domrei Mean Rithi,"Mak Sokhorn, Mak Samoeun",94,30,2,34,-,-,-,-,94,30,2,34,126,74.6%,36.2%,2026-03-15,Profile,74.6%,36.2%,126,94,34,30
Prom Samnang,Cheang Kat Sak Dai Ek (the Barber),1986,40,Kampong Speu,1.83,81.0,Light Heavy (≤81kg),Kun Khmer,Orthodox,,Mesor Thngok Svay Rieng,"Hang Soeun, Sen Bunthen",156,14,4,74,-,-,-,-,156,14,4,74,174,89.7%,47.4%,2026-03-21,Profile,89.7%,47.4%,174,156,74,14
Pich Sokhim,,2002,24,Pursat,1.65,57.0,Featherweight (≤57kg),Kun Khmer,Orthodox,Rumleuk Kun Krou (Honoring the Master),Pich Sophann Kun Khmer,Pich Sophann,78,17,5,47,-,-,-,-,78,17,5,47,100,78.0%,60.3%,2026-04-17,Profile,78.0%,60.3%,100,78,47,17
Pich Sokha,,2002,24,Takeo,1.70,67.0,Welterweight (≤67kg),Kun Khmer,Orthodox,Entri Samdaeng Rithi (Eagle showing off its Might),Pich Sophann Kun Khmer,"Pich Sophann, Mr. Ly, Chea Sarak",72,17,3,31,-,-,-,-,72,17,3,31,92,78.3%,43.1%,2026-03-28,Profile,78.3%,43.1%,92,72,31,17
Pich Singhak,Krou Khmeng (the young master),2006,20,Kampong Chhnang,1.60,51.0,Flyweight (≤51kg),"Kun Khmer, Kick Boxing",Orthodox,Preah Ream Thlaeng Sor (Lord Rama releasing arrows),Pich Sophann Kun Khmer,Pich Sophann,83,5,2,50,-,-,-,-,83,5,2,50,90,92.2%,60.2%,2026-04-09,Profile,92.2%,60.2%,90,83,50,5
Pich Sambath,Krabei Prey Snaeng Daek (the Steel-horn Wild Buffalo),2002,24,Kampong Speu,1.65,60.0,Lightweight (≤60kg),Kun Khmer,Orthodox,Hanuman Haek Maek (Hanuman tearing the sky),Pich Sophann Kun Khmer,Pich Sophan,115,14,5,61,-,-,-,-,115,14,5,61,134,85.8%,53.0%,2026-04-17,Profile,85.8%,53.0%,134,115,61,14
Pich Kakada,Nak Leng Kandab Dei Pikheat (the killer fist fighter),2002,24,Pursat,1.67,57.0,Featherweight (≤57kg),Kun Khmer,Southpaw,Preah Ream Thlaeng Sor (Lord Rama releasing arrows),Pich Sophann Kun Khmer,Pich Sophann,61,11,3,36,-,-,-,-,61,11,3,36,75,81.3%,59.0%,2026-03-28,Profile,81.3%,59.0%,75,61,36,11
Pich Bunseth,Damrei Yol Dai (the Swing Elephant),1999,27,Battambang,1.63,57.0,Featherweight (≤57kg),"Kun Khmer, Kick Boxing",Southpaw,,Pich Sophann Kun Khmer,Pich Sophann,119,26,13,65,-,-,-,-,119,26,13,65,158,75.3%,54.6%,2026-04-09,Profile,75.3%,54.6%,158,119,65,26
Pich Atitep,Pich Kheat Muk Sros (The Angel of Death),2002,24,Kampong Thom,1.65,57.0,Featherweight (≤57kg),"Kun Khmer, Kick Boxing",Orthodox,Entri Samdaeng Rithi (Eagle showing off its Might),Pich Sophann Kun Khmer,Pich Sophann,40,1,2,28,-,-,-,-,40,1,2,28,43,93.0%,70.0%,2026-04-17,Profile,93.0%,70.0%,43,40,28,1
Phanith Kun Khmer,,2005,21,Oddar Meanchey,1.67,54.0,Bantamweight (≤54kg),Kun Khmer,Orthodox,Neak Leng Teuk (Naga Dancing in Water),Kun Khmer Daun Ta,"Bird Samkhann, Ly Phea",53,15,1,29,-,-,-,-,53,15,1,29,69,76.8%,54.7%,2026-04-16,Profile,76.8%,54.7%,69,53,29,15
Phan Phannath,Teahean Knay Daek (the Steel Spur Soldier),2004,22,Battambang,1.65,60.0,Lightweight (≤60kg),Kun Khmer,Orthodox,Preah Lak Poit Seima (Lakshmana drawing protective circle),Special Forces Command 911,Hang Soeun,70,20,2,29,-,-,-,-,70,20,2,29,92,76.1%,41.4%,2026-03-15,Profile,76.1%,41.4%,92,70,29,20
Phal Sophorn,Damrey Phluk Pi Kheat (the killer elephant),1994,32,Phnom Penh,1.70,65.0,Welterweight (≤67kg),Kun Khmer,Orthodox,,Taley Domrei Mean Rithi,Mark Sokhorn,166,30,4,68,-,-,-,-,166,30,4,68,200,83.0%,41.0%,2026-03-22,Profile,83.0%,41.0%,200,166,68,30
Phal Silong,Damrei Pikheat Vei Khmeng (the Young Killer Elephant),2005,21,Phnom Penh,1.68,54.0,Bantamweight (≤54kg),Kun Khmer,Orthodox,,Taley Domrei Mean Rithi,Mark Sokhorn,65,17,2,32,-,-,-,-,65,17,2,32,84,77.4%,49.2%,2026-03-26,Profile,77.4%,49.2%,84,65,32,17
Penkak Reachsey,,2006,20,Kampot,1.70,60.0,Lightweight (≤60kg),Kun Khmer,Orthodox,Entri Samdaeng Rithi (Eagle showing off its Might),Sen Bunthen Penkak Kun Khmer,Sen Bunthen,43,9,2,29,-,-,-,-,43,9,2,29,54,79.6%,67.4%,2026-04-17,Profile,79.6%,67.4%,54,43,29,9
Pen Kak Eravan,,2002,24,Prey Veng,1.68,60.0,Lightweight (≤60kg),Kun Khmer,Orthodox,,Sen Bunthen Penkak Kun Khmer,Sen Bunthen,67,21,1,19,-,-,-,-,67,21,1,19,89,75.3%,28.4%,2026-03-21,Profile,75.3%,28.4%,89,67,19,21
Oung Virak,,1992,34,Kampong Speu,1.75,85.0,Heavyweight (≤91kg),Kun Khmer,Orthodox,,Special Forces Command 911,Hang Makhen,81,11,9,26,-,-,-,-,81,11,9,26,101,80.2%,32.1%,2025-03-22,Profile,80.2%,32.1%,101,81,26,11
Ouch Thearith,Chor Chork Khmao (the Black Wolf),1996,30,Phnom Penh,1.65,57.0,Featherweight (≤57kg),Kun Khmer,Orthodox,,Kuchsa Sar Mean Rithi (MoI),Thy Narith,90,14,6,47,-,-,-,-,90,14,6,47,110,81.8%,52.2%,2026-03-28,Profile,81.8%,52.2%,110,90,47,14
Nang Sav,,2004,22,Siem Reap,1.70,57.0,Featherweight (≤57kg),Kun Khmer,Southpaw,Entri Samdaeng Rithi (Eagle showing off its Might),Noreay Daek Chah Kun Khmer,Long Sovandoeun,85,21,2,23,-,-,-,-,85,21,2,23,108,78.7%,27.1%,2026-03-28,Profile,78.7%,27.1%,108,85,23,21
Morn Sameth,Khla Chas Kampoul Labech (The Tricky Old Tiger),1990,36,Phnom Penh,1.65,60.0,Lightweight (≤60kg),Kun Khmer,Orthodox,Preah Lak Poit Seima (Lakshmana drawing protective circle),KKIF,Svay Sokhonn,236,54,8,57,-,-,-,-,236,54,8,57,298,79.2%,24.2%,2026-03-15,Profile,79.2%,24.2%,298,236,57,54
Morn Prum Manh,,1999,27,Phnom Penh,1.69,65.0,Welterweight (≤67kg),Kun Khmer,Orthodox,Preah Lak Poit Seima (Lakshmana drawing protective circle),KKIF,,64,20,6,31,-,-,-,-,64,20,6,31,90,71.1%,48.4%,2026-03-15,Profile,71.1%,48.4%,90,64,31,20
Moeun Sokhuch,Runtah Chaoeng Dang Tonle Sab (the thunderous kick of Tonle Sab),1997,29,Kampong Cham,1.70,65.0,Welterweight (≤67kg),Kun Khmer,Orthodox,Rumleuk Kun Krou (Honoring the Master),Mesor Thngok Svay Rieng,Vong Khmer,111,23,5,45,-,-,-,-,111,23,5,45,139,79.9%,40.5%,2026-03-22,Profile,79.9%,40.5%,139,111,45,23
Meas Bunthen,,2004,22,Banteay Mean Chey,1.70,60.0,Lightweight (≤60kg),Kun Khmer,Southpaw,Preah Ream Thlaeng Sor (Lord Rama releasing arrows),Monorum Phnom Touch,Sam Savath,69,7,2,31,-,-,-,-,69,7,2,31,78,88.5%,44.9%,2026-03-20,Profile,88.5%,44.9%,78,69,31,7
Makara Kun Khmer,,1995,31,Kampong Thom,1.68,69.0,Light Middle (≤71kg),Kun Khmer,Orthodox,Neak Leng Teuk (Naga Dancing in Water),Kun Khmer Daun Ta,Khim Socheat,80,39,2,23,-,-,-,-,80,39,2,23,121,66.1%,28.8%,2025-05-25,Profile,66.1%,28.7%,121,80,23,39
Maeun Mekhea,Nak Snorng Trakol (the Successor),2001,25,Koh Kong,1.70,63.5,Light Welter (≤63.5kg),"Kun Khmer, Kick Boxing",Orthodox,Entri Samdaeng Rithi (Eagle showing off its Might),Eh Phouthong Kun Khmer,Eh Phouthong,124,12,6,90,-,-,-,-,124,12,6,90,142,87.3%,72.6%,2026-04-16,Profile,87.3%,72.6%,142,124,90,12
Lorn Panha,All-in Warrior,2000,26,Prey Veng,1.75,65.0,Welterweight (≤67kg),"Kun Khmer, Kick Boxing",Orthodox,Krud Samdaeng Rithi (Garuda showing off its Might),RCAF Boxing Gym,Thun Sophea,121,16,5,68,-,-,-,-,121,16,5,68,142,85.2%,56.2%,2026-03-08,Profile,85.2%,56.2%,142,121,68,16
Lor Samnang,Khla Kamnach (The Fierce Tiger),1982,44,Kandal,1.66,57.0,Featherweight (≤57kg),Kun Khmer,Orthodox,,KKIF,"Vaen Sophal, Troeung Sos Say, Svay Sokhonn",195,7,2,61,-,-,-,-,195,7,2,61,204,95.6%,31.3%,2026-03-29,Profile,95.6%,31.3%,204,195,61,7
Long Samnang,Chungkung Peus (the Venomous Knee),1998,28,Tbaung Khmum,1.71,65.0,Welterweight (≤67kg),Kun Khmer,Orthodox,Rumleuk Kun Krou (Honoring the Master),Neakareach Chaktomuck,Svay Sokhon,133,28,3,34,-,-,-,-,133,28,3,34,164,81.1%,25.6%,2026-03-15,Profile,81.1%,25.6%,164,133,34,28
Long Piseth,Kandol Chraek Dei (The Subterranean Scuttler),2007,19,Svay Rieng,1.65,51.0,Flyweight (≤51kg),Kun Khmer,Orthodox,Entri Samdaeng Rithi (Eagle showing off its Might),Klarokhen Mean Rithi,Mr. Ricky,92,17,10,44,-,-,-,-,92,17,10,44,119,77.3%,47.8%,2026-03-15,Profile,77.3%,47.8%,119,92,44,17
Long Chin,Khlarokhen Kamnach (the Fierce Panther),2000,26,Kandal,1.69,60.0,Lightweight (≤60kg),"Kun Khmer, Pradal Serey",Orthodox,,Klarokhen Mean Rithi,Mr. Ricky,111,33,6,32,-,-,-,-,111,33,6,32,150,74.0%,28.8%,2026-03-29,Profile,74.0%,28.8%,150,111,32,33
Long Benloeurn,Khla Khmao Muk Sros (The Black Tiger),1999,27,Kampot,1.70,63.5,Light Welter (≤63.5kg),Kun Khmer,Orthodox,Entri Samdaeng Rithi (Eagle showing off its Might),Neakareach Chaktomuck,Svay Sokhonn,108,23,4,42,-,-,-,-,108,23,4,42,135,80.0%,38.9%,2026-03-14,Profile,80.0%,38.9%,135,108,42,23
Long Ada,,2006,20,Kandal,1.72,65.0,Welterweight (≤67kg),Kun Khmer,Orthodox,Entri Samdaeng Rithi (Eagle showing off its Might),Klarokhen Mean Rithi,Mr. Ricky,45,9,3,21,-,-,-,-,45,9,3,21,57,78.9%,46.7%,2026-03-15,Profile,78.9%,46.7%,57,45,21,9
Long Achhaet,,2003,23,Kandal,1.73,63.5,Light Welter (≤63.5kg),Kun Khmer,Orthodox,Entri Samdaeng Rithi (Eagle showing off its Might),Klarokhen Mean Rithi,Mr. Ricky,102,35,6,32,-,-,-,-,102,35,6,32,143,71.3%,31.4%,2025-04-14,Profile,71.3%,31.4%,143,102,32,35
Leap Ratha,Nak Leng Kandab Dai Thmor (the Stone Fist Fighter),2000,26,Banteay Mean Chey,1.64,57.0,Featherweight (≤57kg),Kun Khmer,Orthodox,Preah Lak Poit Seima (Lakshmana drawing protective circle),Rasmey Phum Keap Boxing,Heng Bunkhim,63,20,6,34,-,-,-,-,63,20,6,34,89,70.8%,54.0%,2026-03-28,Profile,70.8%,54.0%,89,63,34,20
Lao Sayneth,Chungkung Pikheat Kaeng Chhes,2006,20,Kampong Speu,1.65,51.0,Flyweight (≤51kg),Kun Khmer,Southpaw,,Special Forces Command 911,Hang Soeurn,80,9,3,41,-,-,-,-,80,9,3,41,92,87.0%,51.3%,2026-03-21,Profile,87.0%,51.2%,92,80,41,9
Lao Rachana,,2002,24,Kampong Speu,1.68,60.0,Lightweight (≤60kg),Kun Khmer,Orthodox,,Special Forces Command 911,Hang Makhen,44,8,2,15,-,-,-,-,44,8,2,15,54,81.5%,34.1%,2026-03-20,Profile,81.5%,34.1%,54,44,15,8
Lao Chetra,,1999,27,Kampong Speu,1.73,60.0,Lightweight (≤60kg),Kun Khmer,Southpaw,,Special Forces Command 911,Hang Soeun,105,13,5,50,-,-,-,-,105,13,5,50,123,85.4%,47.6%,2026-03-22,Profile,85.4%,47.6%,123,105,50,13
Lao Chantrea,Kaeng Machureach (the Killer Elbow),1994,32,Kampong Speu,1.75,73.0,Middleweight (≤75kg),Kun Khmer,Southpaw,,Special Forces Command 911,Hang Soeun,137,11,6,73,-,-,-,-,137,11,6,73,154,89.0%,53.3%,2026-03-28,Profile,89.0%,53.3%,154,137,73,11
Koramak Chanreach,(Chungkun Hos (the Flying Knee),2007,19,Phnom Penh,1.70,54.0,Bantamweight (≤54kg),"Kun Khmer, MMA",Orthodox,,Mahintrak Kun Khmer,Hun Chanreach,62,6,4,27,-,-,-,-,62,6,4,27,72,86.1%,43.5%,2026-03-20,Profile,86.1%,43.5%,72,62,27,6
Kong Sambo,Kon Neak Sor (the Little White Dragon),1991,35,Phnom Penh,1.70,65.0,Welterweight (≤67kg),Kun Khmer,Southpaw,Rumleuk Kun Krou (Honoring the Master),Kun Khmer Super Fight,Phat Soda,78,30,5,29,-,-,-,-,78,30,5,29,113,69.0%,37.2%,2024-05-31,Profile,69.0%,37.2%,113,78,29,30
Kong Hov,Runtah Choeung Damrei Chaon Kla (the thunderous kick of Damrei Choin Khla),2001,25,Kampong Thom,1.73,60.0,Lightweight (≤60kg),Kun Khmer,Orthodox,Preah Lak Poit Seima (Lakshmana drawing protective circle),Mesor Thngok Svay Rieng,Vong Khmer,89,18,5,44,-,-,-,-,89,18,5,44,112,79.5%,49.4%,2025-03-30,Profile,79.5%,49.4%,112,89,44,18
Koeum Sovannkhim,Kandap Dai Pyus Samot (The Storm Fist of the Sea),2006,20,Battambang,1.63,54.0,Bantamweight (≤54kg),Kun Khmer,Southpaw,Krong Reap Samdaeng Rithi (Ravana Showing Off his Might),Kun Khmer Super Fight,Phat Soda,57,10,1,22,-,-,-,-,57,10,1,22,68,83.8%,38.6%,2026-03-26,Profile,83.8%,38.6%,68,57,22,10
Kim Veasna,Kandab Dai Thmor Tonle Vaiko (the Stone Fist of Vaiko River),1999,27,Svay Rieng,1.70,69.0,Light Middle (≤71kg),Kun Khmer,Orthodox,,Special Forces Command 911,Hang Makhen,90,32,4,32,-,-,-,-,90,32,4,32,126,71.4%,35.6%,2026-03-29,Profile,71.4%,35.6%,126,90,32,32
Khuon Laingkosin,,1996,30,Banteay Mean Chey,1.68,57.0,Featherweight (≤57kg),Kun Khmer,Orthodox,Rumleuk Kun Krou (Honoring the Master),Sann Sao Yann Neakea,"Sann Sao Yann, Chea Neakea",68,12,3,18,-,-,-,-,68,12,3,18,83,81.9%,26.5%,2026-03-14,Profile,81.9%,26.5%,83,68,18,12
Khorn Somaly,The All-in Fighter,2004,22,Siem Reap,1.68,54.0,Bantamweight (≤54kg),Kun Khmer,Southpaw,,Mesor Thngok Svay Rieng,Vong Khmer,45,7,3,22,-,-,-,-,45,7,3,22,55,81.8%,48.9%,2026-03-15,Profile,81.8%,48.9%,55,45,22,7
Khim Dima,Neak Khmao,1990,36,Banteay Mean Chey,,,,60 kg,Orthodox,,RCAF Boxing,RCAF Boxing,70,15,2,27,-,-,-,-,70,15,2,27,87,80.5%,38.6%,2026-04-18,Profile,80.5%,38.6%,87,70,27,15
Khim Bora,Neak Meas Banteay Mean Chey (the Naga of Banteay Meanchey),1998,28,Banteay Mean Chey,1.76,60.0,Lightweight (≤60kg),Kun Khmer,Southpaw,Preah Lak Poit Seima (Lakshmana drawing protective circle),Rasmey Phum Keap Boxing,Heng Bunkhim,131,33,2,61,-,-,-,-,131,33,2,61,166,78.9%,46.6%,2026-03-21,Profile,78.9%,46.6%,166,131,61,33
Khem Chan,Tea Hean Khnay Meas,2000,26,Prey Veng,1.67,57.0,Featherweight (≤57kg),Kun Khmer,Orthodox,Preah Lak Poit Seima (Lakshmana drawing protective circle),Special Forces Command 911,Hang Makhen,70,19,2,15,-,-,-,-,70,19,2,15,91,76.9%,21.4%,2026-04-17,Profile,76.9%,21.4%,91,70,15,19
Kham Neakreach,,2006,20,Banteay Mean Chey,1.83,72.0,Middleweight (≤75kg),Kun Khmer,Orthodox,,Reachasey Mean Rithi,Bird Kham,18,-,-,15,-,-,-,-,18,-,-,15,18,100.0%,83.3%,2026-03-22,Profile,,83.3%,18,18,15,(0)
Kham Konkhla,,2004,22,Kampong Thom,1.70,60.0,Lightweight (≤60kg),Kun Khmer,Orthodox,Rumleuk Kun Krou (Honoring the Master),Reachasey Mean Rithi,Bird Kham,98,10,2,23,-,-,-,-,98,10,2,23,110,89.1%,23.5%,2026-03-15,Profile,89.1%,23.5%,110,98,23,10
Kham Khlaneang,,2000,26,Kampong Chhnang,1.65,54.0,Bantamweight (≤54kg),Kun Khmer,Orthodox,Rumleuk Kun Krou (Honoring the Master),Reachasey Mean Rithi,Bird Kham,144,15,2,65,-,-,-,-,144,15,2,65,161,89.4%,45.1%,2026-03-15,Profile,89.4%,45.1%,161,144,65,15
Keo Rumchong,,1988,38,Battambang,1.68,72.0,Middleweight (≤75kg),Kun Khmer,Switch,,"The Riel Team, KKIF",Svay Sokhon,169,12,11,71,-,-,-,-,169,12,11,71,192,88.0%,42.0%,2026-03-15,Profile,88.0%,42.0%,192,169,71,12
Kan Menghong,,2006,20,Kandal,1.65,57.0,Featherweight (≤57kg),"Kun Khmer, Kick Boxing",Southpaw,Entri Samdaeng Rithi (Eagle showing off its Might),KKIF,Srey Reachbotr,153,21,1,69,-,-,-,-,153,21,1,69,175,87.4%,45.1%,2026-03-22,Profile,87.4%,45.1%,175,153,69,21
Hong Sovan Chansothy,Teahean Khnay Tann (the Steel Spur Soldier),2003,23,Kampong Speu,1.70,60.0,Lightweight (≤60kg),Kun Khmer,Orthodox,Preah Lak Poit Seima (Lakshmana drawing protective circle),Special Forces Command 911,Hang Makhen,95,13,5,34,-,-,-,-,95,13,5,34,113,84.1%,35.8%,2026-03-29,Profile,84.1%,35.8%,113,95,34,13
Him Serey,Meat La-et Chet Damrey (small body with big gut),1998,28,Kampong Speu,1.60,51.0,Flyweight (≤51kg),Kun Khmer,Orthodox,,Chrey Saen Chey Kampong Speu,Meas Sokry,103,20,5,38,-,-,-,-,103,20,5,38,128,80.5%,36.9%,2026-03-15,Profile,80.5%,36.9%,128,103,38,20
Him Kimrieng,"Chungkung Pikheat Dambang Kranhoung (Killer Knee, rosewood stick)",2005,21,Battambang,1.72,54.0,Bantamweight (≤54kg),Kun Khmer,Orthodox,Entri Samdaeng Rithi (Eagle showing off its Might),Sopheap Kun Khmer,Ven Sovath,73,12,1,31,-,-,-,-,73,12,1,31,86,84.9%,42.5%,2026-03-22,Profile,84.9%,42.5%,86,73,31,12
Hang Sam An,Nak Chambang Korng Toip Pises (the Special Force Warrior),2000,26,Takeo,1.70,63.5,Light Welter (≤63.5kg),Kun Khmer,Southpaw,Preah Lak Poit Seima (Lakshmana drawing protective circle),Special Forces Command 911,Hang Makhen,56,18,7,28,-,-,-,-,56,18,7,28,81,69.1%,50.0%,2026-03-22,Profile,69.1%,50.0%,81,56,28,18
Han Pi,Pich Kheat Muk Sros (The Angel of Death),2008,18,Battambang,1.68,57.0,Featherweight (≤57kg),Kun Khmer,Orthodox,,Reahu Keila Battambang,Chhut Serey,53,7,2,29,-,-,-,-,53,7,2,29,62,85.5%,54.7%,2026-03-15,Profile,85.5%,54.7%,62,53,29,7
Em Lengly,,1994,32,Kampong Cham,1.75,69.0,Light Middle (≤71kg),Kun Khmer,Orthodox,Entri Samdaeng Rithi (Eagle showing off its Might),Kun Khmer Daun Ta,Khim Socheat,105,18,6,40,-,-,-,-,105,18,6,40,129,81.4%,38.1%,2026-03-29,Profile,81.4%,38.1%,129,105,40,18
Em Daro,,2002,24,Prey Veng,1.70,65.0,Welterweight (≤67kg),Kun Khmer,Orthodox,Entri Samdaeng Rithi (Eagle showing off its Might),Kun Khmer Daun Ta,Khim Socheat,55,16,1,10,-,-,-,-,55,16,1,10,72,76.4%,18.2%,2026-03-15,Profile,76.4%,18.2%,72,55,10,16
Eh Yanuth,Reachni Trakol Eh (the Queen of the Ehs),2000,26,Koh Kong,1.65,57.0,Featherweight (≤57kg),Kun Khmer,Orthodox,,Eh Phouthong Kun Khmer,Eh Phouthong,32,9,6,11,-,-,-,-,32,9,6,11,47,68.1%,34.4%,2026-03-14,Profile,68.1%,34.4%,47,32,11,9
Eh Naroth,,1999,27,Prey Veng,1.63,57.0,Featherweight (≤57kg),Kun Khmer,Orthodox,,Eh Phouthong Kun Khmer,Eh Phouthong,81,16,2,23,-,-,-,-,81,16,2,23,99,81.8%,28.4%,2026-03-21,Profile,81.8%,28.4%,99,81,23,16
Eh Amarin Phouthong,,2005,21,Koh Kong,1.85,68.0,Light Middle (≤71kg),"Kun Khmer, Kick Boxing",Orthodox,,Eh Phouthong Kun Khmer,Eh Phouthong,81,6,3,53,-,-,-,-,81,6,3,53,90,90.0%,65.4%,2026-04-16,Profile,90.0%,65.4%,90,81,53,6
Dim Sarom,Phka Rik Bang Sleuk (The Hidden Bloom),2008,18,Kampong Speu,1.62,51.0,Flyweight (≤51kg),"Kun Khmer, Kick Boxing",Southpaw,Entri Samdaeng Rithi (Eagle showing off its Might),KKIF,Sam Ang Dun,28,2,1,14,-,-,-,-,28,2,1,14,31,90.3%,50.0%,2026-03-22,Profile,90.3%,50.0%,31,28,14,2
Choir Pov,Nak Leng Kaeng Chhok (the swift elbow),1998,28,Kampong Thom,1.70,60.0,Lightweight (≤60kg),Kun Khmer,Southpaw,Rumleuk Kun Krou (Honoring the Master),Kun Khmer Daun Ta,Khim Socheat,74,25,2,33,-,-,-,-,74,25,2,33,101,73.3%,44.6%,2026-03-21,Profile,73.3%,44.6%,101,74,33,25
Chin Chang,,2003,23,Siem Reap,1.70,63.5,Light Welter (≤63.5kg),Kun Khmer,Southpaw,Neak Leng Teuk (Naga Dancing in Water),Khlaing Moeung Keila,Men Chhay Mov,52,17,2,20,-,-,-,-,52,17,2,20,71,73.2%,38.5%,2026-03-15,Profile,73.2%,38.5%,71,52,20,17
Chhut Sereyvanthong,Reahu Meas (the Golden Rahu),1999,27,Battambang,1.70,60.0,Lightweight (≤60kg),"Kun Khmer, Kick Boxing",Orthodox,Rumleuk Kun Krou (Honoring the Master),Reahu Keila Battambang,Chhut Serey,101,12,1,53,-,-,-,-,101,12,1,53,114,88.6%,52.5%,2026-03-15,Profile,88.6%,52.5%,114,101,53,12
Chhoeung Lvei,Neakareach Khmao Chaktomuk (the Black Naga of Chaktomuk),1999,27,Kampong Thom,1.83,75.0,Middleweight (≤75kg),Kun Khmer,Orthodox,Neak Pruos Peuh (Naga spitting venom),KKIF,Srey Reachbotr,122,36,2,71,-,-,-,-,122,36,2,71,160,76.3%,58.2%,2026-03-29,Profile,76.2%,58.2%,160,122,71,36
Chan Sam Art,Kandap Dai Pyus Samot (The Storm Fist of the Sea),1995,31,Oddar Meanchey,1.68,63.5,Light Welter (≤63.5kg),"MMA, Kun Khmer",Orthodox,Entri Samdaeng Rithi (Eagle showing off its Might),Kun Khmer Daun Ta,Khim Socheat,108,25,3,30,-,-,-,-,108,25,3,30,136,79.4%,27.8%,2026-03-28,Profile,79.4%,27.8%,136,108,30,25
Chan Rothana,,1986,40,Siem Reap,1.67,64.0,Welterweight (≤67kg),"MMA, Kun Khmer, Bokator",Orthodox,Prum Muk Buon (Four-faced Brama),FFG/Selapak,"Chan Bunthoeun, Sen Bunthen",82,36,4,46,-,-,-,-,82,36,4,46,122,67.2%,56.1%,2026-03-14,Profile,67.2%,56.1%,122,82,46,36
Chan Bunhoeun,Nak Leng Runtah Cheung Pikheat (the thunderous kick),1996,30,Kampong Speu,1.75,65.0,Welterweight (≤67kg),Kun Khmer,Southpaw,Rumleuk Kun Krou (Honoring the Master),KKIF,Srey Reachbotr,133,26,5,64,-,-,-,-,133,26,5,64,164,81.1%,48.1%,2026-03-15,Profile,81.1%,48.1%,164,133,64,26
Chamroen Kun Khmer,,1998,28,Battambang,1.71,57.0,Featherweight (≤57kg),Kun Khmer,Southpaw,Rumleuk Kun Krou (Honoring the Master),Kun Khmer Daun Ta,Khim Socheat,78,13,1,40,-,-,-,-,78,13,1,40,92,84.8%,51.3%,2025-07-03,Profile,84.8%,51.3%,92,78,40,13
Buntong Kun Khmer,,2005,21,Battambang,1.70,51.0,Flyweight (≤51kg),Kun Khmer,Southpaw,Rumleuk Kun Krou (Honoring the Master),Kun Khmer Daun Ta,Khim Socheat,62,6,2,30,-,-,-,-,62,6,2,30,70,88.6%,48.4%,2026-03-21,Profile,88.6%,48.4%,70,62,30,6
Bun Sothea,Khlarokhen Khet Kampong Cham (Kampong Cham’s Panther),2002,24,Kampong Cham,1.78,57.0,Featherweight (≤57kg),Kun Khmer,Orthodox,,RCAF Boxing Gym,Thun Sophea,105,20,4,80,-,-,-,-,105,20,4,80,129,81.4%,76.2%,2026-03-15,Profile,81.4%,76.2%,129,105,80,20
Bird Sangkhim,Nak Laeng Chet Sas (the Psychologist),1996,30,Battambang,1.68,60.0,Lightweight (≤60kg),"Kun Khmer, Pradal Serey",Southpaw,Entri Samdaeng Rithi (Eagle showing off its Might),Sen Bunthen Penkak Kun Khmer,Sen Bunthen,144,26,5,69,-,-,-,-,144,26,5,69,175,82.3%,47.9%,2026-03-22,Profile,82.3%,47.9%,175,144,69,26
Aun Sinuon,,2006,20,Kandal,1.75,60.0,Lightweight (≤60kg),Kun Khmer,Orthodox,Neak Pralaeng Keo (Naga soaring with crystal),Neakareach Chaktomuck,Svay Sokhon,46,4,1,25,-,-,-,-,46,4,1,25,51,90.2%,54.3%,2026-03-28,Profile,90.2%,54.3%,51,46,25,4